{
  "gen_loss": [
    0.42407169938087463,
    0.44572117924690247,
    0.698546826839447,
    0.691964864730835,
    0.7254523634910583,
    0.765728235244751,
    0.7664592266082764,
    0.8100122213363647,
    0.786953866481781,
    0.8170146346092224,
    0.7746158838272095,
    0.8882086277008057,
    0.8539996147155762,
    0.8469340801239014,
    0.9279969334602356,
    0.8998422026634216,
    0.823621928691864,
    0.9343833327293396,
    0.854202151298523,
    0.868933916091919,
    1.1613167524337769,
    0.8970948457717896,
    0.9144297242164612,
    0.988845705986023,
    1.3114383220672607,
    0.9775052666664124,
    1.0000053644180298,
    1.04849112033844,
    1.0056281089782715,
    0.9714750051498413,
    1.1911227703094482,
    1.1913305521011353,
    0.8989505171775818,
    1.0237832069396973,
    1.0663628578186035,
    1.3016595840454102,
    0.9628092646598816,
    1.0222065448760986,
    0.902833878993988,
    1.0458779335021973,
    0.9393090605735779,
    0.884352445602417,
    0.9345786571502686,
    0.8449932336807251,
    1.1663917303085327,
    0.8600364327430725,
    0.8674421310424805,
    0.8918167352676392,
    1.4779601097106934,
    0.8322731256484985,
    0.8607582449913025,
    0.8502963185310364,
    0.8939738869667053,
    0.8866545557975769,
    0.9107577800750732,
    0.9519249200820923,
    0.9261232614517212,
    0.8391863703727722,
    0.9355139136314392,
    0.9580567479133606,
    1.384526252746582,
    0.8967065215110779,
    0.8593079447746277,
    0.768345296382904,
    1.285312294960022,
    0.8604370355606079,
    0.8059739470481873,
    0.8317871689796448,
    0.7957554459571838,
    0.8017386198043823,
    0.796901524066925,
    0.7951071262359619,
    0.7816987633705139,
    0.7779529094696045,
    0.7776618003845215,
    0.7702844142913818,
    0.7854430675506592,
    0.7763350605964661,
    0.7649284601211548,
    0.7651762366294861,
    0.7751045227050781,
    0.7600671648979187,
    0.7595934271812439,
    0.7530109882354736,
    0.7583368420600891,
    0.7527269124984741,
    0.7616143226623535,
    0.7914788126945496,
    0.8272864818572998,
    0.85736483335495,
    0.8647112250328064,
    0.8752110004425049,
    0.8673639893531799,
    0.8656829595565796,
    0.8703449368476868,
    0.8753507733345032,
    0.8786066770553589,
    0.869005560874939,
    0.8592474460601807,
    0.8572917580604553
  ],
  "disc_loss": [
    1.5188275575637817,
    1.4167758226394653,
    1.1892733573913574,
    1.2235954999923706,
    1.4328386783599854,
    1.4389246702194214,
    1.378783941268921,
    1.3292869329452515,
    1.2701339721679688,
    1.2529577016830444,
    1.3668607473373413,
    1.192582607269287,
    1.2023119926452637,
    1.1351494789123535,
    1.1718311309814453,
    1.1647429466247559,
    1.3709380626678467,
    1.209284782409668,
    1.2993416786193848,
    1.2119743824005127,
    0.9249221682548523,
    1.351102590560913,
    1.1237918138504028,
    1.0139968395233154,
    0.8840399384498596,
    1.2406117916107178,
    1.2631856203079224,
    1.0990276336669922,
    1.0332186222076416,
    1.1253488063812256,
    0.9915542602539062,
    1.1734172105789185,
    1.2028998136520386,
    1.0528769493103027,
    1.0441640615463257,
    0.8419449329376221,
    1.5464050769805908,
    1.0977851152420044,
    1.0868858098983765,
    1.0105336904525757,
    1.3139375448226929,
    1.2089591026306152,
    1.2179298400878906,
    1.201605200767517,
    1.0286786556243896,
    1.2979426383972168,
    1.2353909015655518,
    1.1747242212295532,
    0.9214133620262146,
    1.362434983253479,
    1.230605959892273,
    1.229398250579834,
    1.1941983699798584,
    1.1728745698928833,
    1.2567960023880005,
    1.1066511869430542,
    1.2719109058380127,
    1.186580777168274,
    1.1682121753692627,
    1.2045644521713257,
    1.125095248222351,
    1.2344024181365967,
    1.1522634029388428,
    1.1761164665222168,
    1.0139107704162598,
    1.2655258178710938,
    1.0863239765167236,
    1.154567003250122,
    1.124509572982788,
    1.1314210891723633,
    1.164670467376709,
    1.167952537536621,
    1.1262192726135254,
    1.113854169845581,
    1.12309992313385,
    1.1303521394729614,
    1.1456025838851929,
    1.1620146036148071,
    1.1674555540084839,
    1.1714543104171753,
    1.1725643873214722,
    1.1795837879180908,
    1.1794838905334473,
    1.1840134859085083,
    1.198469877243042,
    1.2051178216934204,
    1.2211239337921143,
    1.2103374004364014,
    1.2016154527664185,
    1.1989153623580933,
    1.1937286853790283,
    1.190794825553894,
    1.1917545795440674,
    1.1863298416137695,
    1.1859601736068726,
    1.1907470226287842,
    1.193429708480835,
    1.1838650703430176,
    1.1883901357650757,
    1.1834676265716553
  ],
  "disc_real_acc": [
    0.8642601370811462,
    0.9739916920661926,
    0.8945291042327881,
    0.8653579950332642,
    0.6766604781150818,
    0.5608646869659424,
    0.5774890780448914,
    0.5863240957260132,
    0.659774661064148,
    0.6519068479537964,
    0.5682358741760254,
    0.7002378702163696,
    0.6426013708114624,
    0.7545547485351562,
    0.6696029305458069,
    0.608646810054779,
    0.642522931098938,
    0.6049873232841492,
    0.5965182781219482,
    0.6079148650169373,
    0.7654285430908203,
    0.49977782368659973,
    0.623859703540802,
    0.6865410208702087,
    0.8434534668922424,
    0.5830044150352478,
    0.5029929280281067,
    0.6903573274612427,
    0.7067203521728516,
    0.618631899356842,
    0.7048906087875366,
    0.6728180646896362,
    0.6247484087944031,
    0.5802075266838074,
    0.6872206330299377,
    0.7404135465621948,
    0.4224586486816406,
    0.6177693009376526,
    0.6842669248580933,
    0.7911232113838196,
    0.5531536936759949,
    0.6146326065063477,
    0.6212196350097656,
    0.5864809155464172,
    0.7735577821731567,
    0.5225971937179565,
    0.537522554397583,
    0.6445356607437134,
    0.7820529341697693,
    0.4982356131076813,
    0.5420445799827576,
    0.5742217302322388,
    0.5622761845588684,
    0.6282249093055725,
    0.5354052782058716,
    0.6821758151054382,
    0.5036725401878357,
    0.5636615753173828,
    0.5895391702651978,
    0.623807430267334,
    0.6630943417549133,
    0.5523694753646851,
    0.5698565244674683,
    0.6095355153083801,
    0.7378519177436829,
    0.5156703591346741,
    0.6010926365852356,
    0.6354653835296631,
    0.6058499217033386,
    0.5905324220657349,
    0.5693598389625549,
    0.5681313276290894,
    0.5696735382080078,
    0.5813576579093933,
    0.5813314914703369,
    0.5937213897705078,
    0.5801814198493958,
    0.5744308233261108,
    0.5776197910308838,
    0.5752934217453003,
    0.5786914825439453,
    0.5749536156654358,
    0.5758945941925049,
    0.5839715600013733,
    0.5841022729873657,
    0.5816190242767334,
    0.5825077891349792,
    0.5896698832511902,
    0.5974854230880737,
    0.5973024368286133,
    0.5926496982574463,
    0.5914734601974487,
    0.5915780067443848,
    0.5871343612670898,
    0.5953158736228943,
    0.5894868969917297,
    0.5944010019302368,
    0.5974069833755493,
    0.5938521027565002,
    0.5979297757148743
  ],