{
  "method": "owc-sawn",
  "epochs": 100,
  "latent_dim": 100,
  "training_history": {
    "gen_loss": [
      0.49027901887893677,
      0.5678750872612,
      0.6309089660644531,
      0.6636660695075989,
      0.6493381261825562,
      0.6808414459228516,
      0.6922060251235962,
      0.652936577796936,
      0.6968656182289124,
      0.680497407913208,
      0.7577391862869263,
      0.6993936896324158,
      0.7292561531066895,
      0.6750000715255737,
      0.6957181692123413,
      0.7308666706085205,
      0.7389868497848511,
      0.6683676838874817,
      0.7127485871315002,
      0.7277340292930603,
      0.6899810433387756,
      0.6959237456321716,
      0.7203884124755859,
      0.7256937623023987,
      0.7053272724151611,
      0.7097356915473938,
      0.7399418354034424,
      0.6944120526313782,
      0.6834018230438232,
      0.7138732075691223,
      0.6962238550186157,
      0.7042906880378723,
      0.7382140755653381,
      0.6919125914573669,
      0.6992900371551514,
      0.7130255699157715,
      0.7385645508766174,
      0.6997355222702026,
      0.6915926337242126,
      0.7431392669677734,
      0.7050768136978149,
      0.7063742280006409,
      0.7367101907730103,
      0.7337194085121155,
      0.6984268426895142,
      0.7033360004425049,
      0.728929877281189,
      0.7019298076629639,
      0.7454153895378113,
      0.7501537203788757,
      0.6850212216377258,
      0.7010011076927185,
      0.7172560095787048,
      0.6920885443687439,
      0.7351614832878113,
      0.7057229280471802,
      0.7041480541229248,
      0.7386878132820129,
      0.6825792193412781,
      0.7524383664131165,
      0.6920458674430847,
      0.7007477879524231,
      0.7096118927001953,
      0.7072421908378601,
      0.7583595514297485,
      0.7001702189445496,
      0.711476743221283,
      0.7455313205718994,
      0.6716948747634888,
      0.7358928918838501,
      0.7047181129455566,
      0.7467478513717651,
      0.743538498878479,
      0.6987126469612122,
      0.7323818206787109,
      0.6887528896331787,
      0.7453429698944092,
      0.7640819549560547,
      0.7204586863517761,
      0.763637125492096,
      0.7267241477966309,
      0.6811615228652954,
      0.7406171560287476,
      0.7142319679260254,
      0.7402805089950562,
      0.7411993145942688,
      0.6986483335494995,
      0.7175894379615784,
      0.747377336025238,
      0.6889558434486389,
      0.7193388938903809,
      0.7312783598899841,
      0.7042078375816345,
      0.7196339964866638,
      0.7229009866714478,
      0.7515094876289368,
      0.6770257353782654,
      0.7186571359634399,
      0.6995665431022644,
      0.7060454487800598
    ],
    "disc_loss": [
      1.4299417734146118,
      1.3428353071212769,
      1.4367324113845825,
      1.3915107250213623,
      1.4165117740631104,
      1.3760672807693481,
      1.3520152568817139,
      1.455356240272522,
      1.3741099834442139,
      1.4001010656356812,
      1.3568029403686523,
      1.3774101734161377,
      1.3538633584976196,
      1.4403035640716553,
      1.3853049278259277,
      1.3662382364273071,
      1.3212151527404785,
      1.3950295448303223,
      1.393202543258667,
      1.3441894054412842,
      1.3748036623001099,
      1.3913054466247559,
      1.4047439098358154,
      1.3455479145050049,
      1.3820749521255493,
      1.4040625095367432,
      1.337380290031433,
      1.3800158500671387,
      1.4088160991668701,
      1.3701438903808594,
      1.3444229364395142,
      1.4091116189956665,
      1.335176706314087,
      1.367834210395813,
      1.3901828527450562,
      1.3942172527313232,
      1.340235948562622,
      1.3584611415863037,
      1.4136147499084473,
      1.3659213781356812,
      1.384308934211731,
      1.3872164487838745,
      1.3642463684082031,
      1.3477935791015625,
      1.3742506504058838,
      1.3902217149734497,
      1.357499361038208,
      1.3491286039352417,
      1.392706036567688,
      1.315098524093628,
      1.4295662641525269,
      1.4021580219268799,
      1.3459577560424805,
      1.3952757120132446,
      1.3753589391708374,
      1.3896695375442505,
      1.3731555938720703,
      1.3630825281143188,
      1.3826725482940674,
      1.3566211462020874,
      1.3882445096969604,
      1.4051662683486938,
      1.3705908060073853,
      1.3674262762069702,
      1.3496476411819458,
      1.373720407485962,
      1.4143264293670654,
      1.3474888801574707,
      1.3974759578704834,
      1.347411870956421,
      1.388303518295288,
      1.3760040998458862,
      1.3333250284194946,
      1.3950731754302979,
      1.3539083003997803,
      1.3644052743911743,
      1.3852788209915161,
      1.3245106935501099,
      1.3857017755508423,
      1.343849778175354,
      1.3599051237106323,
      1.4159629344940186,
      1.381561517715454,
      1.357038140296936,
      1.3748492002487183,
      1.3558356761932373,
      1.387474536895752,
      1.360444188117981,
      1.3463972806930542,
      1.3649687767028809,
      1.3681559562683105,
      1.3421059846878052,
      1.3867286443710327,
      1.3430424928665161,
      1.3851321935653687,
      1.3298605680465698,
      1.3984525203704834,
      1.3853576183319092,
      1.3640862703323364,
      1.3729974031448364
    ],
    "disc_real_acc": [
      0.8733042478561401,
      0.8377813100814819,
      0.544736921787262,
      0.5444754958152771,
      0.5390908718109131,
      0.5550095438957214,
      0.621141254901886,
      0.4843035340309143,
      0.5350916385650635,
      0.5125074982643127,
      0.4907075762748718,
      0.5130564570426941,
      0.6385236978530884,
      0.43322789669036865,
      0.544266402721405,
      0.534019947052002,
      0.5867161750793457,
      0.6280419230461121,
      0.45596885681152344,
      0.5242700576782227,
      0.5410513281822205,
      0.5762866735458374,
      0.42891496419906616,
      0.5680267810821533,
      0.4972946047782898,
      0.41710013151168823,
      0.4946807026863098,
      0.5208458304405212,
      0.5516114830970764,
      0.48720496892929077,
      0.626473605632782,
      0.46571868658065796,
      0.544998288154602,
      0.536738395690918,
      0.5690984725952148,
      0.4411480128765106,
      0.49622291326522827,
      0.6240949630737305,
      0.46195468306541443,
      0.4147214889526367,
      0.4842512607574463,
      0.5258122682571411,
      0.4331233501434326,
      0.521525502204895,
      0.5205844640731812,
      0.5735943913459778,
      0.5009801983833313,
      0.6483258008956909,
      0.3825705051422119,
      0.519591212272644,
      0.38539353013038635,
      0.5269885063171387,
      0.5609953999519348,
      0.545521080493927,
      0.48851191997528076,
      0.4470292925834656,
      0.6250359416007996,
      0.41242125630378723,
      0.5940873622894287,
      0.4360770583152771,
      0.53694748878479,
      0.5221527814865112,
      0.5220221281051636,
      0.6042292714118958,
      0.4454086720943451,
      0.5669289231300354,
      0.46608462929725647,
      0.445853054523468,
      0.625793993473053,
      0.5195388793945312,
      0.5650469064712524,
      0.34796246886253357,
      0.4654834270477295,
      0.5690984725952148,
      0.5804689526557922,
      0.6564550399780273,
      0.3992733359336853,
      0.4943147599697113,
      0.5069921612739563,
      0.46205922961235046,
      0.4785006642341614,
      0.5589826703071594,
      0.39948245882987976,
      0.5233551859855652,
      0.4420106112957001,
      0.5062602758407593,
      0.460464745759964,
      0.561465859413147,
      0.44389262795448303,
      0.6285908222198486,
      0.46135348081588745,
      0.5453119874000549,
      0.549651026725769,
      0.5481088161468506,
      0.4819248616695404,
      0.47779491543769836,
      0.5773322582244873,
      0.4350315034389496,
      0.5066523551940918,
      0.55289226770401
    ],