{
  "gen_loss": [
    0.6685388088226318,
    0.6929645538330078,
    0.6983047127723694,
    0.6982883810997009,
    0.6985654830932617,
    0.6968870162963867,
    0.6950047612190247,
    0.694516122341156,
    0.6938728094100952,
    0.6938348412513733,
    0.6929181218147278,
    0.6925938129425049,
    0.693966805934906,
    0.6968328952789307,
    0.6975730061531067,
    0.6998012065887451,
    0.7013761401176453,
    0.6912577152252197,
    0.7009478807449341,
    0.6996889710426331,
    0.7011166214942932,
    0.7016686201095581,
    0.7019700407981873,
    0.7033710479736328,
    0.7020967602729797,
    0.701277494430542,
    0.7004684209823608,
    0.701026976108551,
    0.7010525465011597,
    0.7031189799308777,
    0.7023381590843201,
    0.7006101608276367,
    0.6999919414520264,
    0.7000847458839417,
    0.6996145844459534,
    0.6997438669204712,
    0.6983425617218018,
    0.698104977607727,
    0.7003530859947205,
    0.7006678581237793,
    0.7010700106620789,
    0.6985843181610107,
    0.6994550824165344,
    0.6985807418823242,
    0.698137104511261,
    0.6981982588768005,
    0.6985775828361511,
    0.6973253488540649,
    0.6976333856582642,
    0.6969132423400879,
    0.6968308091163635,
    0.696174681186676,
    0.6960738897323608,
    0.6964324116706848,
    0.6967697739601135,
    0.6960136890411377,
    0.6976654529571533,
    0.6952207684516907,
    0.6959523558616638,
    0.6951448321342468,
    0.6957893371582031,
    0.6948400139808655,
    0.6954448223114014,
    0.6949124932289124,
    0.6954357028007507,
    0.69566810131073,
    0.6951867938041687,
    0.6959404349327087,
    0.6944380402565002,
    0.6948358416557312,
    0.6946144700050354,
    0.6945598125457764,
    0.6933006048202515,
    0.6943814754486084,
    0.6939747333526611,
    0.6938527226448059,
    0.6935467720031738,
    0.6940445899963379,
    0.6934413909912109,
    0.6938433647155762,
    0.6935997605323792,
    0.693388819694519,
    0.693955659866333,
    0.6935918927192688,
    0.6939516663551331,
    0.6937599182128906,
    0.6942021250724792,
    0.6941350102424622,
    0.6940614581108093,
    0.6939390897750854,
    0.694808304309845,
    0.6942583322525024,
    0.6945950388908386,
    0.6950845122337341,
    0.6946449279785156,
    0.695212721824646,
    0.6951181292533875,
    0.6943750381469727,
    0.6946211457252502,
    0.6942514777183533
  ],
  "disc_loss": [
    1.3930609226226807,
    1.392837643623352,
    1.3915791511535645,
    1.3916844129562378,
    1.3910878896713257,
    1.389983057975769,
    1.3896814584732056,
    1.3890221118927002,
    1.3893803358078003,
    1.3885681629180908,
    1.3882638216018677,
    1.3881624937057495,
    1.3883377313613892,
    1.387435793876648,
    1.3877407312393188,
    1.387201189994812,
    1.3877915143966675,
    1.3870395421981812,
    1.387055516242981,
    1.3876208066940308,
    1.3873172998428345,
    1.3870596885681152,
    1.3876303434371948,
    1.3868943452835083,
    1.3868279457092285,
    1.3868647813796997,
    1.3866580724716187,
    1.3872694969177246,
    1.3865275382995605,
    1.3866029977798462,
    1.3865728378295898,
    1.3868803977966309,
    1.3866268396377563,
    1.386879801750183,
    1.386677622795105,
    1.3867114782333374,
    1.3865317106246948,
    1.3868746757507324,
    1.3865643739700317,
    1.3868255615234375,
    1.3869092464447021,
    1.3868943452835083,
    1.387163519859314,
    1.386702060699463,
    1.3862438201904297,
    1.3868204355239868,
    1.3865455389022827,
    1.3866819143295288,
    1.386677861213684,
    1.3867336511611938,
    1.3868224620819092,
    1.3865926265716553,
    1.386557698249817,
    1.386594295501709,
    1.3868314027786255,
    1.3866792917251587,
    1.386601209640503,
    1.386580467224121,
    1.3864980936050415,
    1.3864182233810425,
    1.38651704788208,
    1.3864645957946777,
    1.3865786790847778,
    1.3866047859191895,
    1.3866256475448608,
    1.3866385221481323,
    1.3865784406661987,
    1.3865962028503418,
    1.3867437839508057,
    1.386584758758545,
    1.3867796659469604,
    1.3865101337432861,
    1.3865528106689453,
    1.3864458799362183,
    1.3864014148712158,
    1.3864821195602417,
    1.3864707946777344,
    1.386427879333496,
    1.3865464925765991,
    1.386577844619751,
    1.3865629434585571,
    1.3867430686950684,
    1.3865463733673096,
    1.3864189386367798,
    1.3864938020706177,
    1.3865200281143188,
    1.386540174484253,
    1.3864871263504028,
    1.3865851163864136,
    1.3864293098449707,
    1.3864456415176392,
    1.3864202499389648,
    1.386225700378418,
    1.386554479598999,
    1.3864761590957642,
    1.3864647150039673,
    1.3864666223526,
    1.3865348100662231,
    1.3864814043045044,
    1.386397361755371
  ],
  "disc_real_acc": [
    0.646496057510376,
    0.528164803981781,
    0.5041430592536926,
    0.4995687007904053,
    0.49251118302345276,
    0.4922236502170563,
    0.4905768930912018,
    0.4835454821586609,
    0.48540136218070984,
    0.47646182775497437,
    0.4809054434299469,
    0.48182031512260437,
    0.48239538073539734,
    0.4764879643917084,
    0.4694827198982239,
    0.4738740622997284,
    0.47578221559524536,
    0.621768593788147,
    0.5198003053665161,
    0.5299161076545715,
    0.5155134797096252,
    0.5173954963684082,
    0.4953603148460388,
    0.4775596559047699,
    0.4883289337158203,
    0.4816634953022003,
    0.4846172034740448,
    0.5001960396766663,
    0.5270930528640747,
    0.48872101306915283,
    0.47465822100639343,
    0.4942363500595093,
    0.5052408576011658,
    0.4969809353351593,
    0.4970070719718933,
    0.49815720319747925,
    0.5144417881965637,
    0.5322163105010986,
    0.4843035340309143,
    0.48511382937431335,
    0.4675484299659729,
    0.5038555264472961,
    0.47269779443740845,
    0.4889039993286133,
    0.4992550313472748,
    0.4922236502170563,
    0.4779517352581024,
    0.5080377459526062,
    0.4846433401107788,
    0.4893744885921478,
    0.4849047362804413,
    0.49886295199394226,
    0.49572625756263733,
    0.4999085068702698,
    0.4775857925415039,
    0.5174216628074646,
    0.46467313170433044,
    0.5093969702720642,
    0.49039390683174133,
    0.5115403532981873,
    0.4791802763938904,
    0.5015814304351807,
    0.49005410075187683,
    0.5096845030784607,
    0.4949159622192383,
    0.4889824092388153,
    0.5086650848388672,
    0.4731944501399994,
    0.5092924237251282,
    0.49021095037460327,
    0.4929293990135193,
    0.4860025644302368,
    0.5191729664802551,
    0.49044618010520935,
    0.5024701356887817,
    0.4997516870498657,
    0.5015814304351807,
    0.4822385311126709,
    0.5004312992095947,
    0.49572625756263733,
    0.49418407678604126,
    0.5098152160644531,
    0.49455001950263977,
    0.5036725401878357,
    0.4900279641151428,
    0.5023394227027893,
    0.4956739842891693,
    0.49015867710113525,
    0.4976082742214203,
    0.5113574266433716,
    0.4912826418876648,
    0.5001699328422546,
    0.5000392198562622,
    0.4926680028438568,
    0.5018166899681091,
    0.4970070719718933,
    0.4938965439796448,
    0.49588310718536377,
    0.4892438054084778,
    0.5110960006713867
  ],