{
  "method": "owc-sawn",
  "epochs": 100,
  "latent_dim": 100,
  "training_history": {
    "gen_loss": [
      0.4784655272960663,
      0.642613410949707,
      0.6363599300384521,
      0.6906214356422424,
      0.661237359046936,
      0.6419381499290466,
      0.7232369184494019,
      0.7724437117576599,
      0.7184716463088989,
      0.7067342400550842,
      0.7479873299598694,
      0.9225795269012451,
      0.7060046792030334,
      0.745202362537384,
      0.7177011966705322,
      0.7900846600532532,
      0.7306208610534668,
      0.9388880133628845,
      0.756898045539856,
      0.9819373488426208,
      0.8141306638717651,
      0.8323282599449158,
      0.843537449836731,
      1.40495765209198,
      1.0334088802337646,
      0.8733644485473633,
      0.8234344720840454,
      0.810308039188385,
      0.9181919097900391,
      0.8628354668617249,
      0.979953408241272,
      0.8486305475234985,
      0.9883633255958557,
      1.0748082399368286,
      0.9755391478538513,
      0.990574836730957,
      0.808613121509552,
      1.7626621723175049,
      1.6256163120269775,
      0.8431126475334167,
      0.8682832717895508,
      1.2977349758148193,
      0.9108350872993469,
      1.009231448173523,
      1.0319668054580688,
      1.4368776082992554,
      0.886272668838501,
      0.9741818308830261,
      0.9587150812149048,
      1.4326931238174438,
      1.3034435510635376,
      0.9529777765274048,
      1.7094191312789917,
      0.8461552858352661,
      1.1565964221954346,
      0.9425336718559265,
      1.3247538805007935,
      1.8815944194793701,
      0.9744419455528259,
      1.2316101789474487,
      1.034848690032959,
      1.2325369119644165,
      2.094893455505371,
      1.4122388362884521,
      1.0842622518539429,
      1.0005024671554565,
      1.6263445615768433,
      1.6511344909667969,
      1.2571535110473633,
      1.1191335916519165,
      1.137088656425476,
      1.380102276802063,
      1.0569427013397217,
      2.1322317123413086,
      0.9712736010551453,
      1.5042256116867065,
      1.2677617073059082,
      1.1990411281585693,
      1.1523489952087402,
      1.358633279800415,
      1.14616858959198,
      1.769303798675537,
      1.7257007360458374,
      1.1409040689468384,
      1.1228495836257935,
      1.0168426036834717,
      1.008792519569397,
      1.002386212348938,
      1.0012279748916626,
      0.9980348944664001,
      0.9986520409584045,
      0.9884817600250244,
      1.0053259134292603,
      0.994552493095398,
      1.0261850357055664,
      0.9800590872764587,
      0.9897031784057617,
      0.9738938212394714,
      1.0135467052459717,
      1.0076476335525513
    ],
    "disc_loss": [
      1.3385316133499146,
      1.036927342414856,
      1.3782219886779785,
      1.3743081092834473,
      1.4156159162521362,
      1.397011160850525,
      1.3439539670944214,
      1.2330479621887207,
      1.3471479415893555,
      1.3115744590759277,
      1.148241639137268,
      1.1135629415512085,
      1.4475126266479492,
      1.2759120464324951,
      1.3236931562423706,
      1.2373952865600586,
      1.254347562789917,
      1.0759457349777222,
      1.3433113098144531,
      1.0398821830749512,
      1.2729824781417847,
      1.1862066984176636,
      1.2001017332077026,
      0.6687875390052795,
      1.0153530836105347,
      1.336815595626831,
      1.2062331438064575,
      1.2409818172454834,
      1.1323037147521973,
      1.154181957244873,
      1.15067720413208,
      1.0977435111999512,
      0.9416576027870178,
      1.0921095609664917,
      1.0571131706237793,
      1.0705465078353882,
      1.2337692975997925,
      0.5747070908546448,
      0.9643290042877197,
      1.3616803884506226,
      1.1968499422073364,
      0.8674938082695007,
      1.3047338724136353,
      1.042391300201416,
      1.0707186460494995,
      0.8559094071388245,
      1.367437481880188,
      1.1847305297851562,
      1.0353667736053467,
      0.8211963176727295,
      0.8848089575767517,
      1.2440948486328125,
      0.6292818784713745,
      1.341910481452942,
      1.0462760925292969,
      1.169639229774475,
      0.9317732453346252,
      0.659534752368927,
      1.1144740581512451,
      0.946036159992218,
      1.1101763248443604,
      0.7814992070198059,
      0.5287630558013916,
      1.0404118299484253,
      1.1535210609436035,
      0.9696763157844543,
      0.6723063588142395,
      0.843291699886322,
      0.8592163324356079,
      0.9806915521621704,
      0.9787346124649048,
      0.9154267311096191,
      1.2287317514419556,
      0.5812157392501831,
      1.2930351495742798,
      0.7893511652946472,
      1.069677710533142,
      0.926613986492157,
      0.8449336290359497,
      0.8329304456710815,
      0.9335557818412781,
      0.7151615619659424,
      0.7997459769248962,
      1.1717278957366943,
      1.082719087600708,
      1.1587591171264648,
      1.1228402853012085,
      1.1531834602355957,
      1.1011929512023926,
      1.115807294845581,
      1.0884711742401123,
      1.2101199626922607,
      1.1323108673095703,
      1.0760498046875,
      1.0994092226028442,
      1.2119154930114746,
      1.0877212285995483,
      1.0415831804275513,
      1.0296944379806519,
      0.9972135424613953
    ],
    "disc_real_acc": [
      0.9125649929046631,
      0.9849178194999695,
      0.7585017085075378,
      0.6455028057098389,
      0.632485568523407,
      0.630603551864624,
      0.5809655785560608,
      0.6740988492965698,
      0.5716339349746704,
      0.5910813808441162,
      0.80333012342453,
      0.7756750583648682,
      0.47703689336776733,
      0.6160179972648621,
      0.6148155927658081,
      0.6259246468544006,
      0.6450583934783936,
      0.7702903747558594,
      0.5546435713768005,
      0.8069372773170471,
      0.5623546242713928,
      0.6421046853065491,
      0.6737329363822937,
      0.9042789340019226,
      0.810492217540741,
      0.5738557577133179,
      0.5847818851470947,
      0.6370075941085815,
      0.6841623783111572,
      0.6616044044494629,
      0.6706223487854004,
      0.6723998188972473,
      0.8222286105155945,
      0.6526387333869934,
      0.6623885631561279,
      0.6344982385635376,
      0.6368769407272339,
      0.8792900443077087,
      0.7782366871833801,
      0.5263350605964661,
      0.5838147401809692,
      0.748202919960022,
      0.5853569507598877,
      0.6223697662353516,
      0.64795982837677,
      0.8316125273704529,
      0.6023995876312256,
      0.6163839101791382,
      0.6440128684043884,
      0.7948610782623291,
      0.7487257122993469,
      0.6039156317710876,
      0.8523145914077759,
      0.5707190632820129,
      0.6887628436088562,
      0.554251492023468,
      0.6953498721122742,
      0.8388530015945435,
      0.6704394221305847,
      0.716783881187439,
      0.5658572316169739,
      0.8047938942909241,
      0.8672661185264587,
      0.7313694357872009,
      0.612567663192749,
      0.6513840556144714,
      0.7823404669761658,
      0.8131322264671326,
      0.7842486500740051,
      0.6339755058288574,
      0.6809995770454407,
      0.7210968136787415,
      0.613299548625946,
      0.887001097202301,
      0.5719737410545349,
      0.7605405449867249,
      0.6456596255302429,
      0.6553571820259094,
      0.7637817859649658,
      0.7706302404403687,
      0.6700472831726074,
      0.8126617074012756,
      0.7536921501159668,
      0.5982957482337952,
      0.6186841726303101,
      0.6159918308258057,
      0.6453198194503784,
      0.629714846611023,
      0.6153644919395447,
      0.6187625527381897,
      0.6174294948577881,
      0.5943487286567688,
      0.5979559421539307,
      0.60927414894104,
      0.6049611568450928,
      0.5883367657661438,
      0.6083592772483826,
      0.619886577129364,
      0.62521892786026,
      0.6509397029876709
    ],