model,split,scenario,accuracy,precision,recall,f1,auc,attack,train_regime,epsilon,pgd_steps,pgd_step_size,pgd_random_start,surrogate
SGDClassifier,clean_test,attack_eval_baseline,0.9594429283899502,0.9647264500205677,0.9907065159995776,0.9775438962121606,0.9580020322656368,clean,baseline,0.3,0,0.0,False,
RidgeClassifier,clean_test,attack_eval_baseline,0.9540792321445375,0.9591043860545957,0.9907065159995776,0.9746493506493505,0.9471070127756223,clean,baseline,0.3,0,0.0,False,
SGDClassifier,adv_test,attack_eval_baseline,0.06812835231015338,0.3846971307120085,0.07646002745802091,0.1275658532287904,0.025457765919550956,fgsm,baseline,0.3,0,0.0,False,dnn
RidgeClassifier,adv_test,attack_eval_baseline,0.1277877105486026,0.5466853408029878,0.12366670186925757,0.20170527947635863,0.07192527712008517,fgsm,baseline,0.3,0,0.0,False,dnn
SGDClassifier,adv_test,attack_eval_baseline,0.06878705184906371,0.3869772366331392,0.07719928186714542,0.1287198450431414,0.028879621913229805,pgd,baseline,0.3,20,0.03,True,dnn
RidgeClassifier,adv_test,attack_eval_baseline,0.09513503340547662,0.4616187989556136,0.0933572710951526,0.15530569219957835,0.040053252582602526,pgd,baseline,0.3,20,0.03,True,dnn
SGDClassifier,adv_test,attack_eval_baseline,0.08045544368118943,0.4247391952309985,0.09029464568592248,0.1489287580560878,0.03717630716066298,transfer_pgd,baseline,0.3,20,0.03,True,surrogate_dnn
RidgeClassifier,adv_test,attack_eval_baseline,0.1036981274113108,0.48100407055630934,0.07487591086703982,0.1295805537786713,0.08711820464597594,transfer_pgd,baseline,0.3,20,0.03,True,surrogate_dnn
