{
  "gen_loss": [
    0.4422105550765991,
    0.4847383201122284,
    0.6375245451927185,
    0.6491198539733887,
    0.742152214050293,
    0.7741811871528625,
    0.7678055167198181,
    0.666934609413147,
    0.7291398644447327,
    0.7386025786399841,
    0.7650326490402222,
    0.7747684717178345,
    0.7391016483306885,
    0.9204155206680298,
    0.7281093597412109,
    0.7615435719490051,
    0.7594940662384033,
    0.7781039476394653,
    0.8600159883499146,
    0.6979843974113464,
    0.8835507035255432,
    0.7999366521835327,
    0.8551648855209351,
    0.7391300797462463,
    0.8485904932022095,
    0.7688402533531189,
    0.7656338214874268,
    0.7687857747077942,
    0.9191299676895142,
    0.7524220943450928,
    0.8321412801742554,
    1.1148872375488281,
    0.7515853643417358,
    0.7569615244865417,
    0.8930529952049255,
    0.8240548968315125,
    0.9127146601676941,
    0.7212409973144531,
    0.8405890464782715,
    0.8268515467643738,
    0.8047845959663391,
    1.043398380279541,
    0.7491304278373718,
    0.9340887665748596,
    0.7223061919212341,
    0.9206016063690186,
    1.0111807584762573,
    0.5435696244239807,
    1.063773274421692,
    0.7269094586372375,
    0.84251469373703,
    0.9735711812973022,
    0.9582729935646057,
    0.752817690372467,
    1.0698553323745728,
    0.9822967648506165,
    0.7749956250190735,
    1.0643223524093628,
    1.1302411556243896,
    1.0350359678268433,
    0.4560374915599823,
    1.307587742805481,
    0.7156102657318115,
    0.8954136967658997,
    1.085387945175171,
    1.17583429813385,
    1.0949413776397705,
    0.6112766265869141,
    1.104772686958313,
    1.2229610681533813,
    1.0442614555358887,
    0.6192583441734314,
    0.979353666305542,
    1.0652347803115845,
    0.9054866433143616,
    0.7627933025360107,
    1.1303818225860596,
    0.8966932892799377,
    0.8727301955223083,
    0.9911202788352966,
    1.1056212186813354,
    1.1013504266738892,
    0.48681822419166565,
    1.2985728979110718,
    1.1434385776519775,
    0.6787148714065552,
    0.9299208521842957,
    1.0806374549865723,
    1.0816599130630493,
    0.6598973274230957,
    1.1003997325897217,
    1.190616250038147,
    0.9923425316810608,
    0.7118927240371704,
    0.9869308471679688,
    1.0781766176223755,
    0.6958314776420593,
    0.9042651653289795,
    1.1167842149734497,
    0.6590032577514648
  ],
  "disc_loss": [
    1.5050221681594849,
    1.5592392683029175,
    1.4529917240142822,
    1.5007234811782837,
    1.4411678314208984,
    1.3724970817565918,
    1.3975735902786255,
    1.4617350101470947,
    1.4441229104995728,
    1.3865551948547363,
    1.3695317506790161,
    1.4008334875106812,
    1.4461387395858765,
    1.149042010307312,
    1.4499731063842773,
    1.3435295820236206,
    1.3907755613327026,
    1.3298587799072266,
    1.2273526191711426,
    1.4777621030807495,
    1.2757568359375,
    1.390260100364685,
    1.2207891941070557,
    1.3863286972045898,
    1.299225926399231,
    1.3841897249221802,
    1.3024890422821045,
    1.4083976745605469,
    1.2492610216140747,
    1.4221177101135254,
    1.2906253337860107,
    1.0224841833114624,
    1.3199787139892578,
    1.4569008350372314,
    1.2422281503677368,
    1.3201297521591187,
    1.1870136260986328,
    1.467623233795166,
    1.2125247716903687,
    1.2879178524017334,
    1.432262897491455,
    1.0880082845687866,
    1.406981348991394,
    1.1343662738800049,
    1.490970253944397,
    1.2204662561416626,
    1.1038532257080078,
    1.8895156383514404,
    1.0319292545318604,
    1.4213987588882446,
    1.352989673614502,
    1.087619662284851,
    1.221936821937561,
    1.5156526565551758,
    0.969403088092804,
    1.1292451620101929,
    1.4438363313674927,
    1.066425085067749,
    0.9943828582763672,
    1.1133840084075928,
    2.198812484741211,
    0.8890281915664673,
    1.5788040161132812,
    1.294858694076538,
    1.0410481691360474,
    0.9591090083122253,
    1.0860846042633057,
    1.8116955757141113,
    1.044277310371399,
    0.9533289670944214,
    1.4132237434387207,
    1.8316656351089478,
    1.125680923461914,
    1.0478885173797607,
    1.3330384492874146,
    1.4598370790481567,
    0.9736500978469849,
    1.328734278678894,
    1.3916494846343994,
    1.1214643716812134,
    1.0615063905715942,
    1.0224478244781494,
    2.006380319595337,
    1.010838508605957,
    1.0672334432601929,
    1.6315778493881226,
    1.2100508213043213,
    1.1600854396820068,
    1.0115395784378052,
    1.6543325185775757,
    1.021373987197876,
    1.0056897401809692,
    1.3112773895263672,
    1.5965548753738403,
    1.1016606092453003,
    1.0325580835342407,
    1.5093071460723877,
    1.2740651369094849,
    1.0981565713882446,
    1.611970067024231
  ],
  "disc_real_acc": [
    0.8499621152877808,
    0.7675458192825317,
    0.6872990727424622,
    0.6022427082061768,
    0.5482656955718994,
    0.5551402568817139,
    0.5240870714187622,
    0.7000548839569092,
    0.545677900314331,
    0.525550901889801,
    0.5849387049674988,
    0.5438220500946045,
    0.5030713081359863,
    0.7777922749519348,
    0.530255913734436,
    0.6116788983345032,
    0.5330528020858765,
    0.5934338569641113,
    0.6724782586097717,
    0.4936612844467163,
    0.5154612064361572,
    0.48142823576927185,
    0.6372690200805664,
    0.5699610710144043,
    0.5249758362770081,
    0.5087957978248596,
    0.7180123925209045,
    0.5808871388435364,
    0.5222312211990356,
    0.5108346343040466,
    0.552787721157074,
    0.7090205550193787,
    0.7684084177017212,
    0.46307864785194397,
    0.5994458794593811,
    0.5244791507720947,
    0.5542253851890564,
    0.4705021381378174,
    0.6869331002235413,
    0.65449458360672,
    0.4287842810153961,
    0.7596518397331238,
    0.5313537120819092,
    0.6704132556915283,
    0.5133178234100342,
    0.4813236892223358,
    0.5032281875610352,
    0.4401547312736511,
    0.7388713359832764,
    0.5717907547950745,
    0.45257076621055603,
    0.539404571056366,
    0.5615442991256714,
    0.464437872171402,
    0.6735237836837769,
    0.6720861792564392,
    0.48414668440818787,
    0.5659879446029663,
    0.5246360301971436,
    0.5134223699569702,
    0.4477089047431946,
    0.7447525858879089,
    0.5664584040641785,
    0.5142849683761597,
    0.520218551158905,
    0.5967535376548767,
    0.5318765044212341,
    0.47980761528015137,
    0.6145280599594116,
    0.6204877495765686,
    0.7030870318412781,
    0.4249418377876282,
    0.5173693895339966,
    0.5224403142929077,
    0.48605483770370483,
    0.5259952545166016,
    0.6580756306648254,
    0.6475677490234375,
    0.47044986486434937,
    0.5689939260482788,
    0.4701884686946869,
    0.4738479256629944,
    0.44723841547966003,
    0.6180568337440491,
    0.646600604057312,
    0.5735943913459778,
    0.4913087785243988,
    0.4925634562969208,
    0.5888856649398804,
    0.5121676921844482,
    0.6581279039382935,
    0.6476722955703735,
    0.5913427472114563,
    0.45330265164375305,
    0.5675562620162964,
    0.47136470675468445,
    0.4973468780517578,
    0.540711522102356,
    0.6455811858177185,
    0.48012128472328186
  ],