{
  "method": "owc-sawn",
  "epochs": 100,
  "latent_dim": 100,
  "training_history": {
    "gen_loss": [
      0.5374833345413208,
      0.6073655486106873,
      0.6602874994277954,
      0.6891978979110718,
      0.7345147728919983,
      0.6905370354652405,
      0.7486240267753601,
      0.7939117550849915,
      0.637750506401062,
      0.6672505140304565,
      0.6725742816925049,
      0.7205867767333984,
      0.8117024898529053,
      0.7258492112159729,
      0.7693166732788086,
      0.7411676049232483,
      0.678882896900177,
      0.7490659356117249,
      0.7101803421974182,
      0.7621850371360779,
      0.8505861759185791,
      0.7457231879234314,
      0.7723786234855652,
      0.6315138936042786,
      0.7944009900093079,
      0.8492302894592285,
      0.8173338174819946,
      0.6388342380523682,
      0.8224659562110901,
      0.8026048541069031,
      0.7387164235115051,
      0.828691840171814,
      0.7193837761878967,
      1.120639681816101,
      0.7589186429977417,
      0.6268265247344971,
      0.8155173063278198,
      0.7244786620140076,
      1.1077892780303955,
      0.7144762873649597,
      0.6588053703308105,
      0.8263745903968811,
      0.7571417689323425,
      0.8029462099075317,
      0.8529893755912781,
      0.6553447246551514,
      0.8688768744468689,
      0.7462400794029236,
      0.9937834739685059,
      0.7224976420402527,
      0.8370718359947205,
      0.9629930853843689,
      0.47887009382247925,
      1.0513559579849243,
      1.098965048789978,
      0.6601298451423645,
      0.8244050145149231,
      0.847711980342865,
      0.8596184253692627,
      1.151185393333435,
      0.752558708190918,
      0.8477216362953186,
      0.9194042086601257,
      0.9726671576499939,
      0.6513957977294922,
      0.8233925104141235,
      1.4021663665771484,
      0.6356202363967896,
      0.7547051906585693,
      0.9361399412155151,
      0.7089501023292542,
      0.8380142450332642,
      1.1358972787857056,
      0.6165788173675537,
      0.8840489983558655,
      0.7949269413948059,
      0.649275541305542,
      1.4166224002838135,
      1.0975565910339355,
      0.5923414826393127,
      0.761975884437561,
      0.7914614081382751,
      1.0065529346466064,
      0.9816826581954956,
      0.6212078332901001,
      0.8436340093612671,
      0.8831422924995422,
      1.0141044855117798,
      1.410452961921692,
      0.7646427154541016,
      0.7767148613929749,
      0.7388553023338318,
      0.8218047618865967,
      0.8063123226165771,
      0.8052927255630493,
      0.8475537896156311,
      0.8546931147575378,
      0.7877922058105469,
      1.178749918937683,
      0.6884753108024597
    ],
    "disc_loss": [
      1.3038743734359741,
      1.4696208238601685,
      1.4216667413711548,
      1.3953850269317627,
      1.294769287109375,
      1.3761051893234253,
      1.379210114479065,
      1.2930572032928467,
      1.4489656686782837,
      1.429334282875061,
      1.3893194198608398,
      1.3250977993011475,
      1.2649343013763428,
      1.4222663640975952,
      1.2679963111877441,
      1.2287405729293823,
      1.3959405422210693,
      1.3813782930374146,
      1.3642650842666626,
      1.2869044542312622,
      1.2384991645812988,
      1.3347753286361694,
      1.3332546949386597,
      1.6378856897354126,
      1.4292622804641724,
      1.2227118015289307,
      1.1687783002853394,
      1.5402086973190308,
      1.279549479484558,
      1.364058017730713,
      1.3109041452407837,
      1.2204327583312988,
      1.4353915452957153,
      1.025983452796936,
      1.2424567937850952,
      1.4716819524765015,
      1.277608871459961,
      1.432196021080017,
      0.9916245341300964,
      1.3269877433776855,
      1.6038382053375244,
      1.2481943368911743,
      1.3783198595046997,
      1.2490499019622803,
      1.1940051317214966,
      1.502782940864563,
      1.2187145948410034,
      1.3731019496917725,
      1.0654970407485962,
      1.3187732696533203,
      1.2245895862579346,
      1.0853534936904907,
      1.94182288646698,
      1.2247165441513062,
      0.9340606927871704,
      1.5269078016281128,
      1.2759764194488525,
      1.2340186834335327,
      1.2711403369903564,
      0.8889990448951721,
      1.417344093322754,
      1.2172329425811768,
      1.1393269300460815,
      1.0444386005401611,
      1.6516966819763184,
      1.523260474205017,
      0.751775324344635,
      1.5716432332992554,
      1.4415113925933838,
      1.1183308362960815,
      1.4964327812194824,
      1.4526245594024658,
      0.9378206133842468,
      1.6265969276428223,
      1.201520323753357,
      1.299128770828247,
      1.61881422996521,
      0.832105278968811,
      0.9744675755500793,
      1.614292860031128,
      1.3965065479278564,
      1.328526258468628,
      1.1786550283432007,
      1.0344470739364624,
      1.635733962059021,
      1.2753100395202637,
      1.1898934841156006,
      1.0444122552871704,
      0.7553396821022034,
      1.5328391790390015,
      1.396579384803772,
      1.307317852973938,
      1.3215736150741577,
      1.219590663909912,
      1.2735536098480225,
      1.241631269454956,
      1.165063500404358,
      1.4287244081497192,
      0.8808838129043579,
      1.4826985597610474
    ],
    "disc_real_acc": [
      0.9316726326942444,
      0.6452152729034424,
      0.5979297757148743,
      0.54740309715271,
      0.6775230765342712,
      0.6165146231651306,
      0.5029406547546387,
      0.5690723061561584,
      0.6823588013648987,
      0.540136456489563,
      0.5958386659622192,
      0.653292179107666,
      0.5576757192611694,
      0.43890008330345154,
      0.6616305708885193,
      0.7475494742393494,
      0.5762605667114258,
      0.4955694377422333,
      0.5567870140075684,
      0.5792665481567383,
      0.6108424663543701,
      0.6733669638633728,
      0.543534517288208,
      0.47604361176490784,
      0.4936612844467163,
      0.6850249767303467,
      0.7025642395019531,
      0.4679405093193054,
      0.5108869075775146,
      0.48811981081962585,
      0.6407193541526794,
      0.5070183277130127,
      0.4346916973590851,
      0.6662571430206299,
      0.7331991791725159,
      0.5665891170501709,
      0.5007972121238708,
      0.4999085068702698,
      0.7112946510314941,
      0.7459549903869629,
      0.3955877423286438,
      0.5258645415306091,
      0.46799278259277344,
      0.6633818745613098,
      0.6728964447975159,
      0.41558408737182617,
      0.4840160012245178,
      0.47434455156326294,
      0.7151109576225281,
      0.6511226892471313,
      0.4687769412994385,
      0.5036202669143677,
      0.3892882466316223,
      0.5209242701530457,
      0.8002979755401611,
      0.5010063648223877,
      0.5038816332817078,
      0.5040646195411682,
      0.5849387049674988,
      0.7914630174636841,
      0.6509919762611389,
      0.5659095048904419,
      0.5069660544395447,
      0.541443407535553,
      0.42185744643211365,
      0.4263794720172882,
      0.8334422707557678,
      0.6431764364242554,
      0.4261181056499481,
      0.5089526176452637,
      0.45939305424690247,
      0.4424288272857666,
      0.7623180150985718,
      0.5074365735054016,
      0.46430718898773193,
      0.5053454041481018,
      0.40544214844703674,
      0.7186658382415771,
      0.73361736536026,
      0.6032621264457703,
      0.43189480900764465,
      0.4634445905685425,
      0.6360143423080444,
      0.7663172483444214,
      0.45429593324661255,
      0.4622422158718109,
      0.5927542448043823,
      0.6641660332679749,
      0.7901560664176941,
      0.6386805176734924,
      0.46067386865615845,
      0.6159395575523376,
      0.5223619341850281,
      0.6467313170433044,
      0.6488224267959595,
      0.4773505628108978,
      0.5135269165039062,
      0.4922236502170563,
      0.7268996238708496,
      0.5148338675498962
    ],